player,train_log_loss,model,log_loss,brier,accuracy,roc_auc,ece,ll_skill_%,bs_skill_%,acc_skill_%,reliability,resolution,uncertainty
Stephen Curry,0.6916,intercept_only,0.6916,0.2492,0.5274,0.5,0.0,-,-,-,0.0,0.0,0.249249
Stephen Curry,0.6627,binned_EB,0.6836,0.2453,0.5642,0.5496,0.023367,1.15,1.57,6.98,0.001195,0.0052,0.249249
Stephen Curry,0.6645,logistic_RBF,0.6799,0.2436,0.568,0.5746,0.03924,1.7,2.23,7.7,0.002327,0.007371,0.249249
LeBron James,0.6913,intercept_only,0.6913,0.2491,0.5302,0.5,0.000104,-,-,-,0.0,0.0,0.249087
LeBron James,0.6033,binned_EB,0.6187,0.2147,0.6726,0.6994,0.024367,10.5,13.82,26.87,0.001558,0.035894,0.249087
LeBron James,0.6079,logistic_RBF,0.6141,0.2127,0.6766,0.7014,0.025725,11.16,14.6,27.62,0.001323,0.038159,0.249087
Kevin Durant,0.6931,intercept_only,0.693,0.2499,0.5072,0.5,0.000186,-,-,-,0.0,0.0,0.249949
Kevin Durant,0.6383,binned_EB,0.6536,0.2315,0.5956,0.6267,0.016178,5.69,7.36,17.44,0.000508,0.019003,0.249949
Kevin Durant,0.6408,logistic_RBF,0.6484,0.2295,0.6024,0.641,0.02862,6.43,8.15,18.77,0.001917,0.021648,0.249949
